Name,Vocation,Address,Phone
"Luka  Nikic",,,
"Luka  Nikic",,,
"Jovana Acimovic",,,
"Nemanja Acimovic",,,
"Marija Adamovic",,,
"Stefan Adzic",,,
"Matija Aleksic",,,
"Ognjen Aleksic",,,
"Vladica Aleksic",,,
"Ivan AnDjelic",,,
"Aleksandar Andric",,,
"Aleksandar Andric",,,
"Blagoje Andric",,,
"David Andric",,,
"DjorDje Andric",,,
"Ivan Andric",,,
"Jakov Andric",,,
"Jakov Andric",,,
"Jelena Andric",,,
"Matija Andric",,,
"Matija Andric",,,
"Milan Andric",,,
"Neboja Andric",,,
"Nikola Andric",,,
"Radovan Andric",,,
"Vuk Andric",,,
"Uro Antic",,,
"Jelena Antonic",,,
"Antonije Antonijevic",,,
"Atanasije Antonijevic",,,
"Radojica Antonijevic",,,
"zeljko Antonijevic",,,
"Ivan Arsenic",,,
"David Arsenijevic",,,
"Milomir Arsenovic",,,
"Slobodan Arsenovic",,,
"Ana Arsic",,,
"Jovana Avramovic",,,
"Srecko Avramovic",,,
"Andrej Bajic",,,
"Marija Baratovic",,,
"Nemanja Baratovic",,,
"Stefan Baratovic",,,
"Dragan Batinic",,,
"DjorDje Bebic",,,
"Dragan Belic",,,
"Marko Beljic",,,
"Ognjen Bezbradica",,,
"Jelena Bircanin",,,
"Stefan Bircanin",,,
"Milenko Blagojevic",,,
"Nina Bobovac",,,
"Bojan Bogdanovic",,,
"Bojan Bogdanovic",,,
"Igor Bogdanovic",,"Cara Nikolaja Drugog, Vracar, Beograd",
"Nevena Bogdanovic",,,
"Nikola Bogdanovic",,,
"Stefan Bogdanovic",,,
"Stefan Bogdanovic",,,
"Katarina Bojcic",,,
"Teodora Bojcic",,,
"Teodora Bojcic",,,
"Ognjen Bojic",,,
"Milica Bojicic",,,
"Aleksandar Bojinovic",,,
"Aleksa Bozic",,,
"Jovan Bokovic",,,
"Nikola Bonjakovic",,,
"Goran Brankovic",,,
"Nikola Brankovic",,,
"Nikola Brankovic",,,
"Bojan Brdarevic",,,
"Marko Brkic",,,
"Boris Butarac",,,
"DjorDje cebic",,,
"DjorDje cebic",,,
"Leposava cebic",,,
"Stefan ciric",,,
"Jelena cirovic",,,
"DjurDja citakovic",,,
"Milo citakovic",,,
"Bogdan citic",,,
"Dejan cosic",,,
"Dijana cosic",,,
"Lazar cosic",,,
"Luka cosic",,,
"Tijana cosic",,,
"Ilija Crepic",,,
"Lazar Crnojacki",,,
"Isidora curovic",,,
"Filip Cvetkovic",,,
"Milan Cvetkovic",,,
"Aleksa Cvijetic",,,
"Dragana Damnjanovic",,,
"Nataa Damnjanovic",,,
"zeljko Damnjanovic",,,
"Veljko Danicic",,,
"Aleksandar Davidovic",,,
"Milka Davidovic",,,
"Nemanja Davidovic",,,
"Dalibor Delic",,,
"Duan Despotovic",,,
"Duan Despotovic",,,
"Marko Devic",,,
"Filip Dimitric",,,
"Marko Dimitric",,,
"Aleksandar Dimitrijevic",,"Maksima Gorkog, Vracar, Beograd",01132458889
"Aleksandar Dimitrijevic",,"Zlataric, Valjevo , Zlataric",+38165778965
"Dalibor Dimitrijevic",,,
"Dimitrije Dimitrijevic",,,
"Dimitrije Dimitrijevic",,,
"Dimitrije Dimitrijevic",,,
"DjorDje Dimitrijevic",,,
"Nemanja Divnic",,,
"Duan Djajic",,,
"Aleksa Djelic",,,
"DjorDje Djeric",,,
"Stefan Djeric",,,
"Jovana Djermanovic",,,
"Strahinja Djermanovic",,,
"Milan Djilas",,,
"Aleksandar Djokic",,,
"Nikola Djokic",,,
"Stefan Djonko",,,
"Dejan DjorDjevic",,,
"Dragan Djordjevic",,,
"Luka DjorDjic",,,
"Vladimir DjorDjic",,,
"Nikola Djukanovic",,,
"Nikola Djukic",,,
"Radosav Djukic",,,
"Vukain Djuknic",,,
"Slavko Djukovic",,,
"Alaksandra DjurDjevic",,,
"Anica DjurDjevic",,,
"DjorDje DjurDjevic",,,
"DjorDje DjurDjevic",,,
"Filip DjurDjevic",,,
"Ivana DjurDjevic",,,
"Marko DjurDjevic",,,
"Sofija DjurDjevic",,,
"Nemanja Djurdjic",diplomirani_filozof,"Ugrinovacka, Zemun, Beograd",+38114226014
"Nemanja Djurdjic",,"Despota Stefana, Palilula, Beograd",
"Aleksandar Djuric",,"Pocuta, Valjevo , Pocuta",
"Aleksandar Djuric",,"Juzni Bulevar, Vozdovac, Beograd",
"Bojan Djuric",,,
"DjorDje Djuric",,,
"Filip Djuric",,,
"Jovana Djuric",,,
"Milisav Djuric",,,
"Ivana Djuricic",,,
"Sanja Djuricic",,,
"Teodor Djuricic",,,
"Zoran Djuricic",,,
"Andrea Dobrisavljevic",,,
"Radovan Dobrisavljevic",,,
"Marija Dobrivojevic",,,
"Ivan Dobrosavljevic",,,
"Dejan Doskovic",,,
"Tamara Dragicevic",,,
"Filip Dragojevic",,,
"Michele Drazic",,,
"Matija Drakovic",,,
"Katarina Dubroja",,,
"Marko Dudic",,,
"Biljana Eric",,,
"Katarina Eric",,,
"Milan Filipovic",,,
"Danica Gajic",,,
"Danica Gajic",,,
"Goran Gajic",,,
"Goran Gajic",,,
"Jovan Gajic",,,
"Milica Gajic",,,
"Milo Gajic",,,
"Danilo Gavric",masinski_inzenjer,"Jurija Gagarina, Novi Beograd, Beograd",+381645687894
"Danilo Gavric",diplomirani_matematicar,"Dimitrija Tucovica, Zvezdara, Beograd",014224564
"Danilo Gavric",,"Filipa Visnjica, Grocka, Beograd",+381691233321
"Ivana Gavric",,,
"Aleksandar Gavrilovic",,,
"Andrej Gavrilovic",,,
"Nemanja Gavrilovic",,,
"Uro Gavrilovic",,,
"Uro Gavrilovic",,,
"Viktor Gavrilovic",,,
"AnDjela Gligorijevic",,,
"Krsta Gliic",,,
"Milo Gliic",,,
"AnDjela Golubovic",,,
"Jelena Golubovic",,,
"Nikola Golubovic",,,
"Marija Gospavic",,,
"Boris Grbic",,,
"Neboja Grbovic",,,
"Petar Grcic",,,
"Nikola Grujicic",,,
"Nikola Grujicic",,,
"Uro Gujanica",,,
"Stefan Ignjatovic",,,
"Luka Ikonic",,,
"Aleksandar Ilic",,,
"DjorDje Ilic",,,
"Dragisa Ilic",,,
"Ivan Ilic",,,
"Jovan Ilic",,,
"Kristina Ilic",,,
"Lazar Ilic",,,
"Marijana Ilic",,,
"Milan Ilic",,,
"Nikola Ilic",,,
"Suncica Ilic",,,
"Vladimir Ilic",,,
"Ana Isailovic",,,
"Dimitrije Isajlovski",,,
"Sreten Isajlovski",,,
"DjorDje Ivanovic",,,
"Radovan Ivanovic",,,
"AnDjela Jakovljevic",,,
"Lazar Jakovljevic",,,
"Nikolina Jakovljevic",,,
"Stefan Jakovljevic",,,
"Stefan Jakovljevic",,,
"Uros Jancic",,,
"Aleksa Jankovic",,,
"Andrej Jankovic",,,
"David Jankovic",,,
"Filip Jankovic",,,
"Jasmina Jankovic",,,
"Lazar Jankovic",,,
"Mila Jankovic",,,
"Stefan Jankovic",,,
"zeljko Jankovic",,,
"Aleksandar Jazarevic",,,
"Aleksandar Jazarevic",,,
"Ivan Jelesijevic",,,
"Ostojic Jelisaveta",,,
"Miroslav Jeremic",,,
"Pavle Jeremic",,,
"Slavia Jeremic",,,
"Mirko Jerinic",,,
"Dejan Jevtic",,,
"DjorDje Jevtic",,,
"Jovan Jevtic",,,
"Milan Jevtic",,,
"Milo Jevtic",,,
"Nikola Jevtic",,,
"Sava Jevtic",,,
"Tamara Jevtic",,,
"Tanja Jevtic",,,
"Todor Jevtic",,,
"Miroslav Jevtovic",,,
"Marijana Jezdic",,,
"Luka Jokic",,,
"Nikola Josipovic",,,
"Tomislav Josipovic",,,
"Nataa Jovancic",,,
"Aleksandar Jovanovic",,,
"Aleksandar Jovanovic",,,
"Bogdan Jovanovic",,,
"Bojan Jovanovic",,,
"Darko Jovanovic",,,
"Dobrivoje Jovanovic",,,
"Filip Jovanovic",,,
"Ivan Jovanovic",,,
"Ivan Jovanovic",,,
"Jakov Jovanovic",,,
"Jakov Jovanovic",,,
"Jovan Jovanovic",,,
"Katarina Jovanovic",,,
"Kirilo Jovanovic",,,
"Kristijan Jovanovic",,,
"Kristina Jovanovic",,,
"Lazar Jovanovic",,,
"Ljuba Jovanovic",,,
"Luka Jovanovic",,,
"Luka Jovanovic",,"Njegoseva, Vracar, Beograd",
"Mario Jovanovic",,,
"Marko Jovanovic",,,
"Milan Jovanovic",,,
"Milos Jovanovic",,,
"Milovan Jovanovic",,,
"Milo Jovanovic",,,
"Nemanja Jovanovic",,,
"Nikola Jovanovic",,,
"Nikola Jovanovic",,,
"Sara Jovanovic",,,
"SrDjan Jovanovic",,,
"Stefan Jovanovic",,,
"Veljko Jovanovic",,,
"zivko Jovanovic",,,
"Jovan Jovic",,,
"Filip Jovicic",,,
"Lazar Jovicic",,,
"Nemanja Jovicic",,,
"Nemanja Jovicic",,,
"Stefan Juriic",,,
"Dragan Kaljevic",,,
"NaDja Kaljevic",,,
"Nenad Katic",,,
"Ivan Kevic",,,
"Mihailo Knezevic",,,
"Nemanja Knezevic",,,
"Andrej Kojadinovic",,,
"Jovan Kojic",,,
"Aleksandar Kolarevic",,,
"Marko Kolarevic",,,
"Milica Kolarevic",,,
"Svetislava Kosic",,,
"Ivan Kostadinovic",,,
"Nikola Kostic",,,
"Nikola Kostic",,,
"Aleksandar Kotarac",,,
"Sreten Kotarac",,,
"Ignjat Kovacevic",,,
"Jakov Kovacevic",,,
"Milo Kovacevic",,,
"Nikola Kovacevic",,,
"Veljko Kovacevic",,,
"Lazar Kristic",,,
"DjorDje Krsmanovic",,,
"Milo Krsmanovic",,,
"Nenad Krsmanovic",,,
"Marija Krstic",,,
"Marija Krstic",,,
"Marko Krstic",,,
"Nenad Krstic",,,
"Nikola Krstic",,,
"Nikola Krstic",,,
"Aleksandar Krunic",,,
"Milo Krunic",,,
"Milo Krunic",,,
"Nina Kulincevic",,,
"Nikola Kuzmanovic",,,
"Milica Kuakovic",,,
"AnDjela Lakicevic",,,
"Bojan Lazarevic",,,
"Ivan Lazarevic",,,
"Ljubivoje Lazarevic",,,
"Luka Lazarevic",,,
"Marko Lazarevic",,,
"Marko Lazarevic",,,
"Nikola Lazarevic",,,
"Stefan Lazarevic",,,
"Stevan Lazarevic",,,
"Stevan Lazarevic",,,
"Aleksandar Lazic",,,
"Dejan Lazic",,,
"Nikola Lazic",,,
"Ognjen Lazic",,,
"Radenko Lazic",,,
"Sara Lazic",,,
"Aleksandar Lekic",,,
"Igor Lekic",,,
"Igor Lekic",,,
"NaDja Lekic",,,
"Uro Lekic",,,
"Jelena Lezaja",,,
"Katarina Lezaja",,,
"Aleksandar Lukic",,,
"Jovana Lukic",,,
"Kosta Lukic",,,
"Marko Lukic",,,
"Mladen Lukic",,,
"Neboja Lukic",,,
"Nikola Lukic",,,
"Uros Lukic",,,
"Slavoljub Madzarevic",,,
"Kirilo Majstorovic",,,
"Milisav Majstorovic",,,
"Milisav Majstorovic",,,
"Nikola Majstorovic",,,
"Irena Makasimovic",,,
"Jovana Maksimovic",,,
"Nataa Maksimovic",,,
"Dragan Maletic",,,
"Isidora Maletic",,,
"Nemanja Maletic",,,
"Filip Maleevic",,,
"Marko Mandic",,,
"Nikola Mandic",,,
"Nevena Manojlovic",,,
"Marija Maric",,,
"SrDjan Maric",,,
"DjorDje Maricic",,,
"Marko Marinkovic ",,,
"Marko Marinkovic ",,,
"Mila Marinkovic",,,
"Miodrag Marinkovic",,,
"Teodora Marinkovic",,,
"Ivan Marjanovic",,,
"Nikola Marjanovic",,,
"Aleksandar Markovic",,,
"AnDjela Markovic",,,
"Bojan Markovic",,,
"Dejan Markovic",,,
"Filip Markovic",,,
"Goran Markovic",,,
"Ivan Markovic",,,
"Jakov Markovic",,,
"Jovana Markovic",,,
"Kosta Markovic",,,
"Lazar Markovic",,,
"Marko Markovic",,,
"Marko Markovic",,,
"Marko Markovic",,,
"Marko Markovic",,,
"Marko Markovic",,,
"Mihailo Markovic",,,
"Milovan Markovic",,,
"Milo Markovic",,,
"Milo Markovic",,,
"Milo Markovic",,,
"Mladen Markovic",,,
"Nemanja Markovic",,,
"Nenad Markovic",,,
"Nikola Markovic",,,
"Nikola Markovic",,,
"Sandra Markovic",,,
"Stefan Markovic",,,
"Stefan Markovic",,,
"Uro Markovic",,,
"Vojislav Markovic",,,
"Jakov Matic",,,
"Marija Matic",,,
"Marko Matic",,,
"Matija Matic",,,
"Mladen Matic",,,
"Stefan Matic",,,
"Aleksandra Micic",,,
"AnDjela Micic",,,
"Andrijana Micic",,,
"Lazar Micic",,,
"Milica Micic",,,
"Matija Mihailovic",,,
"Danijel Mijailovic",,,
"Milica Mijailovic",,,
"Vladimir Mijailovic",,,
"Dalibor Mijatovic",,,
"Marija Mijatovic",,,
"Mirjana Mijatovic",,,
"Nikola Milacak",,,
"Jelena Milanovic",,,
"Milutin Milanovic",,,
"Milutin Milanovic",,,
"Milutin Milanovic",,,
"Milutin Milanovic",masinski_inzenjer,"Trg oslobodjenja, Savski venac, Beograd",+381641025487
"Milutin Milanovic",,"Dobanovacka, Zemun, Beograd",+381112654789
"Milutin Milanovic",,,+381614871236
"Natalija Milanovic",,,
"DjorDje Miletic",,,
"Lazar Miletic",,,
"Lazar Miletic",,,
"Nemanja Miletic",,,
"Mihailo Milic",,,
"Filip Milicevic",,,
"Milan Milicevic",,,
"Milo Milicevic",,,
"Nikola Milicevic",,,
"Petar Milicevic",,,
"Petar Milicevic",,,
"Nikola Milinkovic",,,
"Nikola Milinkovic",,,
"Stefan Milinkovic",,,
"Vanja Milisavljevic",,,
"Vanja Milisavljevic",,,
"DjorDje Milivojevic",,,
"DjorDje Milivojevic",,,
"Luka Milivojevic",,,
"Milica Milivojevic",,,
"Nemanja Miljanic",,,
"Filip Milojevic",,,
"Jovan Milojevic",,,
"Nevena Milojevic",,,
"Stefan Milojkic",,,
"Jakov Milojkovic",,,
"Milisav Milojkovic",,,
"Milovan Milojkovic",,,
"Julijana Milosavljevic",,,
"Nikola Milosavljevic",,,
"Ognjen Milosavljevic",,,
"Andrej Milosevic",,,
"Aleksa Milovanovic",,,
"Borisav Milovanovic",,,
"Milan Milovanovic",,,
"Nikola Milovanovic",,,
"Nikolaj Milovanovic",,,
"Nikolina Milovanovic",,,
"Tijana Milovanovic",,,
"zeljko Milovanovic",,,
"Bojan Milutinovic",,,
"Branislav Milutinovic",,,
"Nikola Milutinovic",,,
"Strahinja Milutinovic",,,
"Darko Mircetic",,,
"Andrija Mirkovic",,,
"Marko Mirkovic",,,
"Marko Mirkovic",,,
"Nemanja Mirkovic",,,
"Teodora Mirkovic",,,
"DjorDje Mirosavic",,,
"Dimitrije Mitic",,,
"Minja Mitic",,,
"Aleksandar Mitrovic",,,
"Bogdan Mitrovic",,,
"Dalibor Mitrovic",,,
"Ivan Mitrovic",,,
"Nemanja Mitrovic",,,
"Nikola Mitrovic",,,
"Oliver Mitrovic",,,
"Predrag Mitrovic",,,
"Sanja Mitrovic",,,
"Uro Mitrovic",,,
"Vladana Mitrovic",,,
"Nikola Mikovic",,,
"Valentina Mikovic",,,
"Nemanja Miovic",,,
"Mladen Mladenovic",,,
"Lazar Mojic",,,
"Milo Mojic",,,
"Aleksandra Mojsilovic",,,
"Pavle Mojsilovic",,,
"Uros Mojsilovic",,,
"Mihailo Mucic",,,
"DjorDje Nastic",,,
"Nikola Nastic",,,
"Antonije Nedic",,,
"Antonije Nedic",,,
"Momir Nedic",,,
"Milo Nenadovic",,,
"Nenad Nenadovic",,,
"DjorDje Nekovic",,,
"Jakov Nekovic",,,
"Ivan Nikicevic",,,
"Katarina Nikicevic",,,
"Ivana Nikolic",,,
"Jovana Nikolic",,,
"Luka Nikolic",,,
"Marko Nikolic",,,
"Matija Nikolic",,,
"Milan Nikolic",,,
"Milo Nikolic",,,
"Milo Nikolic",,,
"Neboja Nikolic",,,
"Nemanja Nikolic",,,
"Nikola Nikolic",,,
"Nikola Nikolic",,,
"Petar Nikolic",,,
"Stefan Nikolic",,,
"Milan Ninic",,,
"Mladen Ninkovic",,,
"Nemanja Ninkovic",,,
"Nikolina Ninkovic",,,
"Vukain Ninkovic",,,
"Aleksandar Ninovic",,,
"Aleksandar Novakovic",,,
"Dimitrije Novakovic",,,
"Dimitrije Novakovic",,,
"Goran Novakovic",,,
"Jelena Novakovic",,,
"Zdravko Novakovic",,,
"Zdravko Novakovic",,,
"Stefan Novkovic",,,
"Alaksandar Obradovic",,,
"Alaksandra Obradovic",,,
"Lazar Obradovic",,,
"Marko Obradovic",,,
"Marko Obradovic",,,
"Mirjana Obradovic",,,
"Nikola Obradovic",,,
"Ivan Obucina",,,
"Lazar Omerovic",,,
"Slavia Oraanin",,,
"David Ostojic",,,
"DjorDje Ostojic",,,
"Vladimir Ostojic",,,
"Marko Ostovic",,,
"Alen Ovcarevic",,,
"Luka Panic",,,
"Marijana Panic",,,
"Ognjen Panic",,,
"Uro Panic",,,
"Danijel Pantelic",,,
"Filip Pantelic",,,
"Igor Pantelic",,,
"Marko Pantelic",,,
"Milica Pantelic",,,
"Nikola Pantelic",,,
"Olivera Pantelic",,,
"Vladimir Pantelic",,,
"Aleksa Pantic",,,
"Aleksa Pantic",,,
"Aleksa Pantic",,,
"DjurDja Pantic",,,
"Ranko Pantic",,,
"Ivana Papic",,,
"Bojan Paramentic",,,
"Petar Paramentic",,,
"Boko Pavic",,,
"Ilija Pavic",,,
"AnDjela Pavlovic",,,
"Dejan Pavlovic",,,
"Dragomir Pavlovic",,,
"Igor Pavlovic",,,
"Ivan Pavlovic",,,
"Jelena Pavlovic",,,
"Lazar Pavlovic",,,
"Luka Pavlovic",,,
"Milo Pavlovic",,,
"Nemanja Pavlovic",,,
"Nikola Pavlovic",,,
"Nikola Pavlovic",,,
"Nikola Pavlovic",,,
"Stefan Pavlovic",,,
"Tamara Pavlovic",,,
"Tamara Pavlovic",,,
"Vesna Pavlovic",,,
"Bojan Pejic",,,
"Filip Pejic",,,
"Nikola Pejic",,,
"Ognjen Pejic",,,
"Ognjen Pejic",,,
"Petar Pejovic",,,
"Ivan Peric",,,
"Milica Peric",,,
"Stefan Peric",,,
"Viktor Peric",,,
"Igor Periic",,,
"Jovan Petakovic",,,
"Nenad Petakovic",,,
"Milan Petaric",,,
"Milica Petaric",,,
"Luka Petkovic",,,
"Sava Petkovic",,,
"Mina Petraevic",,,
"Aleksa Petric",,,
"DjurDjina Petric",,,
"Nemanja Petric",,,
"Nemanja Petric",,,
"Nemanja Petronic",,,
"Nikola Petronic",,,
"Aleksandar Petrovic",,,
"Andrej Petrovic",,,
"Andrijana Petrovic",,,
"Arsenije Petrovic",,,
"Branko Petrovic",,,
"Danilo Petrovic",,,
"Dimitrije Petrovic",,,
"DjorDje Petrovic",,,
"Dragan Petrovic",,,
"Draginja Petrovic",,,
"Filip Petrovic",,,
"Goran Petrovic",,,
"Lazar Petrovic",,,
"Lazar Petrovic",,,
"Nemanja Petrovic",,,
"Nenad Petrovic",,,
"Nikola Petrovic",,,
"Nikola Petrovic",,,
"Nikola Petrovic",,,
"Nikola Petrovic",,,
"Nikola Petrovic",,,
"Petar Petrovic",,,
"Petar Petrovic",,,
"Sanja Petrovic",,,
"Tatjana Petrovic",,,
"Vladimir Petrovic",,,
"Mirko Peic",,,
"Andrija Pimic",,,
"Radomir Pimic ",,,
"Aleksandar Pirgic",,,
"Aleksa Planic",,,
"Igor Plavic",,,
"Milo Plocic",,,
"Matija Poljanica",,,
"Aleksandra Popovic",,,
"DjurDjina Popovic",,,
"Filip Popovic",,,
"Marko Popovic",,,
"Marko Popovic",,,
"Milo Popovic",,,
"Milo Popovic",,,
"Nemanja Popovic",,,
"Uro Popovic",,,
"Veljko Popovic",,,
"Vukain Popovic",,,
"Danilo Prelevic",,,
"Marko Prodanovic",,,
"Miroslav Prodanovic",,,
"Nemanja Prodanovic",,,
"Filip Prokic",,,
"Luka Prokic",,,
"Nikola Puic",,,
"Stefan Puic",,,
"Lazar Radic",,,
"Stefan Radic",,,
"Tamara Radivojevic",,,
"Uro Radoicic",,,
"Aleksandar Radojevic",,,
"Ognjen Radojevic",,,
"Vladimir Radojevic",,,
"Ivana Radojicic",,,
"Kristina Radojicic",,,
"Marjan Radojicic",,,
"Marko Radojicic",,,
"Milo Radojicic",,,
"Filip Radojkovic",,,
"Ivan Radosavljevic",,,
"Lazar Radosavljevic",,,
"Milinko Radosavljevic",,,
"Tihomir Radosavljevic",,,
"Branimir Radovanovic",,,
"Branka Radovanovic",,,
"Djordje Radovanovic",,,
"Mihailo Radovanovic",,,
"Miroslav Radovanovic",,,
"Nikola Radovanovic",,,
"Ognjen Radovanovic",,,
"Stefan Radovanovic",,,
"Jelena Radovic",,,
"Dimitrije Rafailovic",,,
"Zoran Rafailovic",,,
"Zoran Rafailovic",,,
"Mihailo Rafajlovic",,,
"Danilo Rajevic",,,
"Danilo Rajevic",,,
"Bojan Rakic",,,
"DjorDje Rakic",,,
"Milan Rakic",,,
"Nikola Rakic",,,
"Igor Raletic",,,
"Nikola Ramcevic",,,
"Luka Ranisavljevic",,,
"Aleksandar Rankovic",,,
"Aleksandar Rankovic",inz_organizacionih_nauka,"Panticeva, Valjevo, Valjevo",+381144677999
"Marko Rankovic",,,
"Mitar Rankovic",,,
"Nikola Rankovic",,,
"Nikola Rankovic",,,
"Jelena Ravic",,,
"Vukain Ravic",,,
"Lazar Rebic",,,
"Marija Risovic",,,
"Lazar Ristanovic",,,
"Bojan Ristic",,,
"Denis Ristic",,,
"Jordan Ristic",,,
"Novica Ristivojcevic",,,
"Miodrag Robovic",,,
"Nikola Sakic",,,
"Vladan Saric",,,
"Aleksa Savic",,,
"Bojana Savic",,,
"DjorDje Savic",,,
"Filip Savic",,,
"Filip Savic",,,
"Jovana Savic",,,
"Lazar Savic",,,
"Luka Savic",,,
"Mihailo Savic",,,
"Milica Savic",,,
"Milica Savic",,,
"Nemanja Savic",,,
"Nenad Savic",,,
"Sinia Savic",,,
"Snezana Savic",,,
"Stefan Savic",,,
"Svetomir Savic",,,
"Dimitrije Sekulic",,,
"Dimitrije Sekulic",,,
"Dimitrije Sekulic",,,
"Marko Selakovic",,,
"Milica Selakovic",,,
"Nenad Selakovic",,,
"Nikola Selakovic",,,
"Svetlana Selenic",,,
"Dimitrije Simeunovic",,,
"Uro Simeunovic",,,
"Aleksandar Simic",diplomirani_matematicar,"Knez Mihailova, Valjevo, Valjevo",
"Aleksandra Simic",,,
"Danijela Simic",,,
"Milovan Simic",,,
"Milo Simic",,,
"Nikola Simic",,,
"Nikola Simic",,,
"Ognjen Simic",,,
"Vladimir Simic",,,
"Sara Sofranic",,,
"Darko Sofronic",,,
"Nikola Spasenic",,,
"SrDjan Spasenic",,,
"Katarina Spasojevic",,,
"Milenko Spasojevic",,,
"Neboja Spasojevic",,,
"Neboja Spasojevic",,,
"Kristijan Sredojevic",,,
"zeljana Sredojevic",,,
"Milo Stanacic",,,
"Olivera Stanacic",,,
"Aleksandar Stanimirovic",,,
"Aleksandar Stanimirovic",,,
"Marko Stanimirovic",,,
"Stefan Stanisavljevic",,,
"Stefan Staniic",,,
"Aleksandar Stankovic",,,
"Ivana Stankovic",,,
"Dunja Stanojevic",,,
"Nenad Stanojevic",,,
"Nikola Stanojevic",,,
"Milo Starcevic",,,
"Petar Starcevic",,,
"Uro Starcevic",,,
"Dragan Stefanovic",,,
"Milo Stefanovic",,,
"Nemanja Stefanovic",,,
"Tina Stefanovic",,,
"Bojana Stepanovic",,,
"Dragan Stepanovic",,,
"Kristijan Stepanovic",,,
"Petar Stepanovic",,,
"Kristina Stevanovic",,,
"Milan Stevanovic",,,
"Predrag Stevanovic",,,
"Luka Stojakovic",,,
"Milivoje Stojakovic",,,
"Milivoje Stojakovic",,,
"Tijana Stojanac",,,
"Biljana Stoic",,,
"Isidora Subotic",,,
"Marko Subotic",,,
"Ana Tadic",,,
"Dalibor Tanaskovic",,,
"Filip Tanaskovic",,,
"Nevena Teodosic",,,
"Nikola Teofilovic",,,
"Jovan Terzic",,,
"Bogdan Timotic",,,
"Milena Timotic",,,
"Nemanja Timotic",,,
"Nemanja Timotijevic",,,
"Nenad Tmuic",,,
"Ognjen Todorovic",,,
"Stefan Todorovic ",,,
"Aleksandar Tomic",,,
"Aleksandar Tomic",,,
"Aleksandar Tomic",,,
"Dejan Tomic",,,
"Duan Tomic",,,
"Ljubica Tomic",,,
"Matija Tomic",,,
"Matija Tomic",,,
"Svetlana Tomic",,,
"Uro Tomic",,,
"Zoran Tomic",,,
"Marko Topalovic",,,
"Milan Topalovic",,,
"Milisav Trifunovic",,,
"Filip Tripkovic",,,
"Jelena Tripkovic",,,
"Marko Tufegdzic",,,
"DjorDje Uroevic",,,
"Kristina Uroevic",,,
"Nemanja Uroevic",,,
"Darko Vasic",,,
"David Vasic",,,
"Milo Vasic",,,
"Milo Vasic",,,
"Dejan Vasiljevic",,,
"Jovan Vasiljevic",,,
"Milan Vasiljevic",,,
"Petar Vasiljevic",,,
"Radovan Vasiljevic",,,
"Stefan Vasiljevic",,,
"Uro Vasiljevic",,,
"Veljko Vasiljevic",,,
"Vladan Vasiljkovic",,,
"Damjan Vaskovic",,,
"Goran Velimirovic",,,
"Marija Velimirovic",,,
"Milo Velimirovic",,,
"Marko Veselinivic",,,
"Dimitrije Veselinovic",,,
"Lazar Vesic",,,
"Nikola Vesic",,,
"DjorDje Veskovic",,,
"Ilija Vicentic",,,
"Milorad Vicentijevic",,,
"Ognjen Vidic",,,
"Nemanja Vilotic",,,
"Lazar Vilotijevic",,,
"Ivana Vlajkovic",,,
"Duko Vojisavljevic",,,
"Srdjan Vojvodic",,,
"Aleksandar Votic",,,
"Tamara Vucicevic",,,
"Aleksa Vujisic",,,
"Vukain Vujisic",,,
"Aleksandra Vukicevic",,,
"Uro Vukicevic",,,
"Milos Vukomanovic",,"Kneza Milosa, Valjevo, Valjevo ",+38114245654
"Milos Vukomanovic",,,644785698
"Bojana Vukosavljevic",,,
"Duan Vukosavljevic",,,
"Isidora Vukosavljevic",,,
"Matija Vukosavljevic",,,
"Filip Vukovic",,,
"Nemanja Vukovic",,,
"Jelena Vuletic",,,
"Daniel Zaric",,,
"Viktor zarkovic",,,
"Vladimir Zebic",,,
"Nemanja Zeljic",,,
"Marijana zeravcic",,,
"Andrej zivancevic",,,
"Jelena zivanovic",,,
"Luka zivanovic",,,
"Luka zivanovic",,,
"Nikola zivanovic",,,
"Stefan zivanovic",,,
"Stefan zivanovic",,,
"Jovana zivkovic",,,
"NaDja zivkovic",,,
"Zoran zivkovic",,,
"Nina zivojinovic",,,
"Boris zujovic",,,
"Milo zujovic",,,
"Nenad zujovic",,,
"Duan ajic",,,
"Hristina aponja",,,
"Stefan aponja",,,
"Milena arcevic",,,
"DjorDje aric",,,
"Nikola evrt",,,
"Stefan obic",,,
"Nemanja ujdovic",,,
